idx,t,Is,Sigma1_coeff,Sigma1_coeff_k,r,p_1,delta,delta_t,d,d_t,dcof,X1_t_orig,X1_t,X2_t,runtime,solver,success,deg.success,z,power,alpha,p_2,p_22,mu_2,mu_2p,mu_22,mu_2p2,Sigma2,Sigma22,mu_3p,mu_3p2,Sigma3,Sigma32,deg.z,deg.power,deg.alpha
0,0.25,157.0,0.00390625,4,0.1,0.25,0.25,,0.0,,0.0,3.132491021535417,1.5662455107677085,0.4952903189039737,6.797485113143921,SLSQP,True,False,[2.48050569 4.5       ],0.7382635835034016,0.02500000000000089,0.25,0.25,[0.25 0.25],[0.25 0.25],0.25,0.25,"[[0.00336408 0.00109855]
 [0.00109855 0.00382127]]",0.003847263633740502,[1.56624551 0.49529032],0.49529031890397374,"[[1.15332031 0.3315598 ]
 [0.3315598  1.01533203]]",1.01533203125,[2.01704929],0.7329930544049469,0.025000000000000334
